sRulerVersion,AnaID,Date,Time,Path,Filename,samplRate,nBits,FileDuration,TotalSections,SectionNumber,SectionStart,SectionDur,CallNumber,CallPeakTime,SectStart,SectDur,TotalCalls,Comments,CallID,TotalPulses,CallPeakPos,enabSound,screenMode,saveNTables,filterOrder,sectionFilterMin,sectionFilterMax,sectionAmplif,gateHeight,gateMmHeight,gateUseDuration,gateDuration,gateMmDuration,gateUseInterval,gateInterval,gateMmInterval,gateSmooth,gateResol,gateSustain,gatePlotY,gateBlind,tBefPeak,tAftPeak,callHeight,callLimit,callSustain,callPlotY,callUnsens,callBlind,slideStepsOscil,fftLength,fftOverlap,sonoMaxF,fftBreak,pulseSmoothFactor,pulseSmoothAuto,oscilSmooth,oscilResol,pulseUseDur,pulseUseInter,pulseUseFreq,pulseFreq,pulseMmFreq,pulseHeight,pulseSmooth,pulseResol,pulseMmHeight,pulseDurBeg,pulseDurEnd,pulseMmDurBeg,pulseMmDurEnd,pulseInter,pulseMmInter,powLength,powMaxF,domHarmon,File,CallIDrepeat,Section,Call,TotPulses,PulseNumber,RelPulsePeak,PulDur_0,PulDur_10,PulDur_50,PulDur_90,PulOn_90,PulOn_peak,PulOff_peak,PulOff_90,PulShapeOn,PulShapeOff,PulInter,PulPeriod,PulDuty,CrestFactor,Ener_0-10_Beg,Ener_10-50_Beg,Ener_50-90_Beg,Ener_90-Peak_Beg,Ener_Peak-90_End,Ener_90-50_End,Ener_50-10_End,Ener_10-0_End,PulseDomFreq,PulseFundFreq,PulseMinFreq,PulseMaxFreq,PulseOnFreq,PulseOffFreq,PulseHalfFM,Tuning-6dBSPL,Tuning-20dBSPL,relAmpl_H1,relAmpl_H2,relAmpl_H3,PulsePeak,Pos_0_Beg,Pos_10_Beg,Pos_50_Beg,Pos_90_Beg,PosPeak,Pos_90_End,Pos_50_End,Pos_10_End,Pos_0_End,RMS_0-10_Beg,RMS_10-50_Beg,RMS_50-90_Beg,RMS_90-Peak_Beg,RMS_Peak-90_End,RMS_90-50_End,RMS_50-10_End,RMS_10-0_End,DomFreq_0_Beg,DomFreq_10_Beg,DomFreq_50_Beg,DomFreq_90_Beg,DomFreq_Peak,DomFreq_90_End,DomFreq_50_End,DomFreq_10_End,DomFreq_0_End,PosHalfFM,BandWidth_50,BandWidth_10,Ampl_H1,Ampl_H2,Ampl_H3,
0.9.6.1,20070410T181935,04/10/07,18:19:36,/mnt/data/softproj/sruler/trunk/sounds/,P_streckeri.wav,11025,8,12.2,4,1,0,4,1,0.11918,1,44100,9, ,20070410T181954.344.1,1,1314,1,1,1,4,80,-1,100,0.5,0.7,0,33.5601,0.4,0,293.6961,0.4,30,30,150,0.8,0,150,150,0.3,30,10,0.8,0,0,20,256,0.89844,5512,2000,1,1,20,12,0,0,0,1000,0.4,0.3,5,1,0.4,20,20,0.4,0.4,400,0.4,512,5512,2,P_streckeri.wav,20070410T181954.344.1,1,1,1,1,1,53.6054,49.6145,42.5397,1.2698,21.2245,21.2245,28.39,27.1202,0.064103,0.2107,-1,-1,-1,1.785,0.0017574,0.017722,2.3745,0,0.21855,3.061,0.080764,0.0021864,2347.1191,1173.5596,2304.0527,2433.252,2304.0527,2433.252,0.5442,24.8546,13.8095,-36.8482,0,-33.9539,0.60782,1064,1080,1095,1314,1314,1328,1564,1627,1655,0.034799,0.11413,0.34574,0.60782,0.41486,0.37815,0.11889,0.029341,2304.0527,2304.0527,2304.0527,2347.1191,2347.1191,2347.1191,2433.252,2433.252,2433.252,1377.68,94.4338,169.964,0.48574,33.7923,0.67783,
0.9.6.1,20070410T181935,04/10/07,18:19:36,/mnt/data/softproj/sruler/trunk/sounds/,P_streckeri.wav,11025,8,12.2,4,1,0,4,2,0.55175,1,44100,9, ,20070410T181959.146.2,1,6083,1,1,1,4,80,-1,100,0.5,0.7,0,33.5601,0.4,0,293.6961,0.4,30,30,150,0.8,0,150,150,0.3,30,10,0.8,0,0,20,256,0.89844,5512,2000,1,1,20,12,0,0,0,1000,0.4,0.3,5,1,0.4,20,20,0.4,0.4,400,0.4,512,5512,2,P_streckeri.wav,20070410T181959.146.2,1,2,1,1,1,53.0612,49.7959,43.0839,2.2676,18.5941,18.5941,31.2018,28.9342,0.097561,0.16928,-1,-1,-1,1.8083,0.00042209,0.039285,2.0098,0,0.40191,3.3013,0.078126,0.0023273,2347.1191,1173.5596,2304.0527,2433.252,2304.0527,2433.252,0.51832,24.4107,13.7072,-37.6783,0,-32.8805,0.61875,5870,5878,5898,6083,6083,6108,6373,6427,6455,0.024118,0.14716,0.34609,0.61875,0.421,0.3706,0.1263,0.030272,2304.0527,2304.0527,2304.0527,2347.1191,2347.1191,2347.1191,2433.252,2433.252,2433.252,6162.5556,96.1512,171.2331,0.46401,35.518,0.80617,
0.9.6.1,20070410T181935,04/10/07,18:19:36,/mnt/data/softproj/sruler/trunk/sounds/,P_streckeri.wav,11025,8,12.2,4,1,0,4,3,1.0011,1,44100,9, ,20070410T182001.553.3,1,11037,1,1,1,4,80,-1,100,0.5,0.7,0,33.5601,0.4,0,293.6961,0.4,30,30,150,0.8,0,150,150,0.3,30,10,0.8,0,0,20,256,0.89844,5512,2000,1,1,20,12,0,0,0,1000,0.4,0.3,5,1,0.4,20,20,0.4,0.4,400,0.4,512,5512,2,P_streckeri.wav,20070410T182001.553.3,1,3,1,1,1,52.9705,48.6168,41.9048,5.4422,18.8662,18.8662,29.7506,24.3084,0.096154,0.20149,-1,-1,-1,1.7726,0.00058469,0.030595,1.8943,0,0.85708,2.5046,0.068514,0.0022456,2347.1191,1173.5596,2304.0527,2433.252,2304.0527,2433.252,0.52902,24.8001,13.4145,-38.1806,0,-32.8585,0.5883,10813,10829,10849,11037,11037,11097,11311,11365,11397,0.020072,0.12987,0.3333,0.5883,0.39685,0.35921,0.11827,0.027815,2304.0527,2304.0527,2304.0527,2347.1191,2347.1191,2390.1855,2433.252,2433.252,2433.252,11112.5556,94.6417,174.9682,0.42324,34.3252,0.78107,
0.9.6.1,20070410T181935,04/10/07,18:19:36,/mnt/data/softproj/sruler/trunk/sounds/,P_streckeri.wav,11025,8,12.2,4,1,0,4,4,1.4519,1,44100,9, ,20070410T182003.872.4,1,16007,1,1,1,4,80,-1,100,0.5,0.7,0,33.5601,0.4,0,293.6961,0.4,30,30,150,0.8,0,150,150,0.3,30,10,0.8,0,0,20,256,0.89844,5512,2000,1,1,20,12,0,0,0,1000,0.4,0.3,5,1,0.4,20,20,0.4,0.4,400,0.4,512,5512,2,P_streckeri.wav,20070410T182003.872.4,1,4,1,1,1,52.9705,49.3424,42.9025,4.8073,16.0544,16.0544,33.288,28.4807,0.096045,0.17197,-1,-1,-1,1.7733,0.0002327,0.028343,1.559,0,0.79249,3.2147,0.066169,0.0026976,2347.1191,1173.5596,2304.0527,2433.252,2304.0527,2433.252,0.53466,24.8861,14.0404,-36.4633,0,-32.36,0.60063,15822,15830,15847,16007,16007,16060,16320,16374,16406,0.017908,0.13558,0.32776,0.60063,0.40602,0.36921,0.11623,0.030486,2304.0527,2304.0527,2304.0527,2347.1191,2347.1191,2347.1191,2433.252,2433.252,2433.252,16120.8571,94.3145,167.1687,0.50895,33.8719,0.81628,
